ID,Category_ID,Category_Name [Display ONLY!],Subcategory_Name [Display ONLY!],Name,Name_subtitle,Pantry Output [Display ONLY!],Pantry_Min,Pantry_Max,Pantry_Metric,Pantry_tips,Pantry After Opening Output [Display ONLY!],Pantry_After_Opening_Min,Pantry_After_Opening_Max,Pantry_After_Opening_Metric,Refrigerate Output [Display ONLY!],Refrigerate_Min,Refrigerate_Max,Refrigerate_Metric,Refrigerate_tips,Refrigerate After Opening Output  [Display ONLY!],Refrigerate_After_Opening_Min,Refrigerate_After_Opening_Max,Refrigerate_After_Opening_Metric,Refrigerate After Thawing Output  [Display ONLY!],Refrigerate_After_Thawing_Min,Refrigerate_After_Thawing_Max,Refrigerate_After_Thawing_Metric,Freeze Output  [Display ONLY!],Freeze_Min,Freeze_Max,Freeze_Metric,Freeze_Tips
1,7,Dairy Products & Eggs,,Butter,,,,,,May be left at room temperature for 1 - 2 days.,,,,,1-2 Months,1,2,Months,,- ,,,,,,,,6-9 Months,6,9,Months,
2,7,Dairy Products & Eggs,,Buttermilk,,,,,,,,,,,1-2 Weeks,1,2,Weeks,,- ,,,,,,,,3-3 Months,3,3,Months,
3,7,Dairy Products & Eggs,,Cheese,"Hard such as cheddar, swiss, block parmesan",,,,,,,,,,6-6 Months,6,6,Months,,3-4 Weeks,3,4,Weeks,,,,,6-6 Months,6,6,Months,
4,7,Dairy Products & Eggs,,Cheese,"parmesan, shredded",,,,,,,,,,12-12 Months,12,12,Months,,- ,,,,,,,,3-4 Months,3,4,Months,
5,7,Dairy Products & Eggs,,Cheese,"shredded, cheddar, mozzarella, etc.",,,,,,,,,,1-1 Months,1,1,Months,,- ,,,,,,,,3-4 Months,3,4,Months,
6,7,Dairy Products & Eggs,,Cheese,processed slices,,,,,,,,,,3-4 Weeks,3,4,Weeks,,- ,,,,,,,,- Not Recommended,,,Not Recommended,
7,7,Dairy Products & Eggs,,Cheese,"soft such as brie, bel paese",,,,,,,,,,1-2 Weeks,1,2,Weeks,,- ,,,,,,,,6-6 Months,6,6,Months,
8,7,Dairy Products & Eggs,,Coffee creamer,liquid refrigerated,,,,,,,,,,3-3 Weeks,3,3,Weeks,,- ,,,,,,,,- ,,,,
9,7,Dairy Products & Eggs,,Cottage cheese,ricotta,,,,,,,,,,2-2 Weeks,2,2,Weeks,,1-1 Weeks,1,1,Weeks,,,,,- Not Recommended,,,Not Recommended,
10,7,Dairy Products & Eggs,,Cream cheese,,,,,,,,,,,2-2 Weeks,2,2,Weeks,,- ,,,,,,,,- Not Recommended,,,Not Recommended,
11,7,Dairy Products & Eggs,,Cream,"whipping, ultrapasteurized",,,,,,,,,,1-1 Months,1,1,Months,,1-1 Weeks,1,1,Weeks,,,,,- Not Recommended,,,Not Recommended,
12,7,Dairy Products & Eggs,,Cream,"Whipped, sweetened",,,,,,,,,,1-1 Days,1,1,Days,,- ,,,,,,,,1-2 Months,1,2,Months,
13,7,Dairy Products & Eggs,,Cream,half and half,,,,,,,,,,3-4 Days,3,4,Days,,- ,,,,,,,,4-4 Months,4,4,Months,
14,7,Dairy Products & Eggs,,Cream,heavy,,,,,,,,,,10-10 Days,10,10,Days,,- ,,,,,,,,3-4 Months,3,4,Months,
15,7,Dairy Products & Eggs,,Cream,light,,,,,,,,,,1-1 Weeks,1,1,Weeks,,- ,,,,,,,,3-4 Months,3,4,Months,Use for cooking
16,7,Dairy Products & Eggs,,Dips,sour cream based,,,,,,,,,,2-2 Weeks,2,2,Weeks,,- ,,,,,,,,- Not Recommended,,,Not Recommended,
17,7,Dairy Products & Eggs,,Egg substitutes,liquid,,,,,,,,,,7-7 Days,7,7,Days,,7-7 Days,7,7,Days,,,,,- Not Recommended,,,Not Recommended,
20,7,Dairy Products & Eggs,,Eggnog,commercial,,,,,,,,,,3-5 Days,3,5,Days,,- ,,,,,,,,6-6 Months,6,6,Months,
21,7,Dairy Products & Eggs,,Eggs,in shell,,,,,,,,,,3-5 Weeks,3,5,Weeks,,- ,,,,,,,,- Not Recommended,,,Not Recommended,
22,7,Dairy Products & Eggs,,Eggs,"raw whites, yolks",,,,,,,,,,2-4 Days,2,4,Days,,- ,,,,,,,,12-12 Months,12,12,Months,
23,7,Dairy Products & Eggs,,Eggs,hard boiled cooked,,,,,,,,,,1-1 Weeks,1,1,Weeks,,- ,,,,,,,,- Not Recommended,,,Not Recommended,
24,7,Dairy Products & Eggs,,Egg dishes,,,,,,,,,,,3-4 Days,3,4,Days,,- ,,,,,,,,2-3 Months,2,3,Months,after baking
25,7,Dairy Products & Eggs,,Kefir,fermented milk,,,,,,,,,,1-1 Weeks,1,1,Weeks,,1-2 Days,1,2,Days,,,,,- Not Recommended,,,Not Recommended,
26,7,Dairy Products & Eggs,,Margarine,,,,,,,,,,,6-6 Months,6,6,Months,,- ,,,,,,,,12-12 Months,12,12,Months,
27,7,Dairy Products & Eggs,,Milk,plain or flavored,,,,,,,,,,1-1 Weeks,1,1,Weeks,,- ,,,,,,,,3-3 Months,3,3,Months,
28,7,Dairy Products & Eggs,,Pudding,,,,,,,,,,,- ,,,,,2-2 Days,2,2,Days,,,,,- Not Recommended,,,Not Recommended,
29,7,Dairy Products & Eggs,,Sour cream,,,,,,,,,,,1-3 Weeks,1,3,Weeks,,- ,,,,,,,,- Not Recommended,,,Not Recommended,
30,7,Dairy Products & Eggs,,Whipped cream,aerosol can,,,,,,,,,,3-4 Weeks,3,4,Weeks,,- ,,,,,,,,- Not Recommended,,,Not Recommended,
31,7,Dairy Products & Eggs,,Whipped topping,aerosol can,,,,,,,,,,3-3 Months,3,3,Months,,- ,,,,,,,,- Not Recommended,,,Not Recommended,
32,7,Dairy Products & Eggs,,Whipped topping,tub,,,,,,,,,,2-2 Weeks,2,2,Weeks,,- ,,,,,,,,14-14 Months,14,14,Months,
33,7,Dairy Products & Eggs,,Yogurt,,,,,,,,,,,7-14 Days,7,14,Days,,- ,,,,,,,,1-2 Months,1,2,Months,
34,10,Meat,Fresh,Beef,Rib Roast bone-in,,,,,,,,,,3-5 Days,3,5,Days,,- ,,,,,,,,4-12 Months,4,12,Months,
35,10,Meat,Fresh,Beef,"Rib Roast boneless, rolled",,,,,,,,,,3-5 Days,3,5,Days,,- ,,,,,,,,4-12 Months,4,12,Months,
36,10,Meat,Fresh,Beef,Round or Rump Roast,,,,,,,,,,3-5 Days,3,5,Days,,- ,,,,,,,,4-12 Months,4,12,Months,
37,10,Meat,Fresh,Beef,"Tenderloin, whole",,,,,,,,,,3-5 Days,3,5,Days,,- ,,,,,,,,4-12 Months,4,12,Months,
38,10,Meat,Fresh,Beef,"Tenderloin, half",,,,,,,,,,3-5 Days,3,5,Days,,- ,,,,,,,,4-12 Months,4,12,Months,
39,10,Meat,Fresh,Beef,"chunk roast, brisket",,,,,,,,,,3-5 Days,3,5,Days,,- ,,,,,,,,4-12 Months,4,12,Months,
40,10,Meat,Fresh,Beef,steaks,,,,,,,,,,3-5 Days,3,5,Days,,- ,,,,,,,,4-12 Months,4,12,Months,
41,10,Meat,Fresh,Beef,"Stew, cubes",,,,,,,,,,3-5 Days,3,5,Days,,- ,,,,,,,,4-12 Months,4,12,Months,
42,10,Meat,Fresh,Beef,Short Ribs,,,,,,,,,,3-5 Days,3,5,Days,,- ,,,,,,,,4-12 Months,4,12,Months,
43,10,Meat,Fresh,Beef,ground,,,,,,,,,,1-2 Days,1,2,Days,,- ,,,,,,,,3-4 Months,3,4,Months,
44,10,Meat,Fresh,Lamb,"Leg, bone-in - small",,,,,,,,,,3-5 Days,3,5,Days,,- ,,,,,,,,4-12 Months,4,12,Months,
45,10,Meat,Fresh,Lamb,"Leg, bone-in - large",,,,,,,,,,3-5 Days,3,5,Days,,- ,,,,,,,,4-12 Months,4,12,Months,
46,10,Meat,Fresh,Lamb,"Leg, boneless, rolled",,,,,,,,,,3-5 Days,3,5,Days,,- ,,,,,,,,4-12 Months,4,12,Months,
47,10,Meat,Fresh,Lamb,crown roast,,,,,,,,,,3-5 Days,3,5,Days,,- ,,,,,,,,4-12 Months,4,12,Months,
48,10,Meat,Fresh,Lamb,shoulder roast or shank leg half,,,,,,,,,,3-5 Days,3,5,Days,,- ,,,,,,,,4-12 Months,4,12,Months,
49,10,Meat,Fresh,Lamb,cubes for kabobs,,,,,,,,,,3-5 Days,3,5,Days,,- ,,,,,,,,4-12 Months,4,12,Months,
50,10,Meat,Fresh,Lamb,ground,,,,,,,,,,1-2 Days,1,2,Days,,- ,,,,,,,,3-4 Months,3,4,Months,
51,10,Meat,Fresh,Lamb,"Chops, ribs, or loin",,,,,,,,,,3-5 Days,3,5,Days,,- ,,,,,,,,4-12 Months,4,12,Months,
52,10,Meat,Fresh,Lamb,Leg steaks,,,,,,,,,,3-5 Days,3,5,Days,,- ,,,,,,,,4-12 Months,4,12,Months,
53,10,Meat,Fresh,Lamb,"Stew meat, pieces",,,,,,,,,,3-5 Days,3,5,Days,,- ,,,,,,,,4-12 Months,4,12,Months,
54,10,Meat,Fresh,Lamb,Shanks,,,,,,,,,,3-5 Days,3,5,Days,,- ,,,,,,,,4-12 Months,4,12,Months,
55,10,Meat,Fresh,Lamb,"Breast, rolled",,,,,,,,,,3-5 Days,3,5,Days,,- ,,,,,,,,4-12 Months,4,12,Months,
56,10,Meat,Fresh,Veal,"Shoulder roast, boneless",,,,,,,,,,3-5 Days,3,5,Days,,- ,,,,,,,,4-12 Months,4,12,Months,
57,10,Meat,Fresh,Veal,"Leg Rump or round roast, boneless",,,,,,,,,,3-5 Days,3,5,Days,,- ,,,,,,,,4-12 Months,4,12,Months,
58,10,Meat,Fresh,Veal,"Loin roast, bone-in",,,,,,,,,,3-5 Days,3,5,Days,,- ,,,,,,,,4-12 Months,4,12,Months,
59,10,Meat,Fresh,Veal,Ground,,,,,,,,,,1-2 Days,1,2,Days,,- ,,,,,,,,3-4 Months,3,4,Months,
60,10,Meat,Fresh,Pork,"Loin Roast, bone-in",,,,,,,,,,3-5 Days,3,5,Days,,- ,,,,,,,,4-12 Months,4,12,Months,
61,10,Meat,Fresh,Pork,"Loin Roast, boneless",,,,,,,,,,3-5 Days,3,5,Days,,- ,,,,,,,,4-12 Months,4,12,Months,
63,10,Meat,Fresh,Pork,"Loin Chops, bone-in",,,,,,,,,,3-5 Days,3,5,Days,,- ,,,,,,,,4-12 Months,4,12,Months,
64,10,Meat,Fresh,Pork,"Loin Chops, boneless",,,,,,,,,,3-5 Days,3,5,Days,,- ,,,,,,,,4-12 Months,4,12,Months,
65,10,Meat,Fresh,Pork,Crown Roast - small,,,,,,,,,,3-5 Days,3,5,Days,,- ,,,,,,,,4-12 Months,4,12,Months,
66,10,Meat,Fresh,Pork,Crown Roast - large,,,,,,,,,,3-5 Days,3,5,Days,,- ,,,,,,,,4-12 Months,4,12,Months,
67,10,Meat,Fresh,Pork,Tenderloin,,,,,,,,,,3-5 Days,3,5,Days,,- ,,,,,,,,4-12 Months,4,12,Months,
69,10,Meat,Fresh,Pork,Tenderloin medallions or loin cubes,,,,,,,,,,3-5 Days,3,5,Days,,- ,,,,,,,,4-12 Months,4,12,Months,
70,10,Meat,Fresh,Goat,"Tender whole cuts (legs, ribs, shoulder, loin)",,,,,,,,,,3-5 Days,3,5,Days,,,,,,,,,,4-12 Months,4,12,Months,
71,10,Meat,Fresh,Goat,"Less tender whole cuts (stew meat, riblets, shanks)",,,,,,,,,,3-5 Days,3,5,Days,,,,,,,,,,4-12 Months,4,12,Months,
72,10,Meat,Fresh,Pork,Ribs,,,,,,,,,,3-5 Days,3,5,Days,,- ,,,,,,,,4-12 Months,4,12,Months,
73,10,Meat,Fresh,Pork,Ground,,,,,,,,,,1-2 Days,1,2,Days,,- ,,,,,,,,3-4 Months,3,4,Months,
74,10,Meat,Fresh,Pork,Shoulder,,,,,,,,,,3-5 Days,3,5,Days,,- ,,,,,,,,4-12 Months,4,12,Months,
75,10,Meat,Fresh,Pork,"Loin, cubes",,,,,,,,,,3-5 Days,3,5,Days,,- ,,,,,,,,4-12 Months,4,12,Months,
76,10,Meat,Fresh,Venison,"Round, rump, loin or rib roast",,,,,,,,,,3-5 Days,3,5,Days,,- ,,,,,,,,4-12 Months,4,12,Months,
77,10,Meat,Fresh,Variety meats,"Liver, tongue, chitterlings, etc.",,,,,,,,,,1-2 Days,1,2,Days,,- ,,,,,,,,3-4 Months,3,4,Months,
78,10,Meat,Fresh,Goat,Ground,,,,,,,,,,1-2 Days,1,2,Days,,- ,,,,,,,,3-4 Months,3,4,Months,
79,12,Meat,Smoked Or Processed,Bacon,,,,,,,,,,,1-1 Weeks,1,1,Weeks,,1-1 Weeks,1,1,Weeks,,,,,1-1 Months,1,1,Months,
81,12,Meat,Smoked Or Processed,Corned beef,In pouch with pickling juices,,,,,,,,,,5-7 Days,5,7,Days,,- ,,,,,,,,1-1 Months,1,1,Months,
82,12,Meat,Smoked Or Processed,Ham,Canned (“keep refrigerated” label),,,,,,,,,,6-9 Months,6,9,Months,,- ,,,,,,,,- Not Recommended,,,Not Recommended,
83,12,Meat,Smoked Or Processed,Ham,"Fully cooked, bone-in, whole",,,,,,,,,,1-1 Weeks,1,1,Weeks,,- ,,,,,,,,1-2 Months,1,2,Months,
84,12,Meat,Smoked Or Processed,Ham,"Fully cooked, bone-in, half",,,,,,,,,,1-1 Weeks,1,1,Weeks,,- ,,,,,,,,1-2 Months,1,2,Months,
85,12,Meat,Smoked Or Processed,Ham,"Fully cooked, slices, half, or spiral cut",,,,,,,,,,3-4 Days,3,4,Days,,- ,,,,,,,,1-2 Months,1,2,Months,
86,12,Meat,Smoked Or Processed,Ham,"Fully cooked, Arm Picnic Shoulder, boneless",,,,,,,,,,1-1 Weeks,1,1,Weeks,,- ,,,,,,,,1-2 Months,1,2,Months,
87,12,Meat,Smoked Or Processed,Ham,"Fully cooked, Canned, boneless (refrigerated)",,,,,,,,,,6-9 Months,6,9,Months,,3-5 Days,3,5,Days,,,,,1-2 Months,1,2,Months,
88,12,Meat,Smoked Or Processed,Ham,"Fully cooked, Vacuum packed, boneless",,,,,,,,,,2-2 Weeks,2,2,Weeks,,- ,,,,,,,,1-2 Months,1,2,Months,
89,12,Meat,Smoked Or Processed,Ham,"Fresh, cook-before-eating, bone-in, whole",,,,,,,,,,1-1 Weeks,1,1,Weeks,,- ,,,,,,,,1-2 Months,1,2,Months,
90,12,Meat,Smoked Or Processed,Ham,"Fresh, cook-before-eating, bone-in, half",,,,,,,,,,1-1 Weeks,1,1,Weeks,,- ,,,,,,,,1-2 Months,1,2,Months,
91,12,Meat,Smoked Or Processed,Ham,"Fresh, cook-before-eating, Shank or Butt Portion, bone-in",,,,,,,,,,1-1 Weeks,1,1,Weeks,,- ,,,,,,,,1-2 Months,1,2,Months,
92,12,Meat,Smoked Or Processed,Ham,"Fresh, cook-before-eating, Arm Picnic Shoulder, boneless",,,,,,,,,,1-1 Weeks,1,1,Weeks,,- ,,,,,,,,1-2 Months,1,2,Months,
93,12,Meat,Smoked Or Processed,Ham,"Fresh, cook-before-eating, Shoulder Roll (Butt), boneless",,,,,,,,,,1-1 Weeks,1,1,Weeks,,- ,,,,,,,,1-2 Months,1,2,Months,
94,12,Meat,Smoked Or Processed,Ham,"Fresh, uncooked, whole leg, bone-in",,,,,,,,,,1-1 Weeks,1,1,Weeks,,- ,,,,,,,,1-2 Months,1,2,Months,
95,12,Meat,Smoked Or Processed,Ham,"Fresh, uncooked, whole leg, boneless",,,,,,,,,,1-1 Weeks,1,1,Weeks,,- ,,,,,,,,1-2 Months,1,2,Months,
96,12,Meat,Smoked Or Processed,Ham,"Fresh, uncooked, half leg, bone-in",,,,,,,,,,1-1 Weeks,1,1,Weeks,,- ,,,,,,,,1-2 Months,1,2,Months,
97,12,Meat,Smoked Or Processed,Ham,Country Ham (whole or half),,,,,,,,,,1-1 Weeks,1,1,Weeks,,- ,,,,,,,,1-2 Months,1,2,Months,
98,12,Meat,Smoked Or Processed,Hot dogs,,,,,,,,,,,2-2 Weeks,2,2,Weeks,,1-1 Weeks,1,1,Weeks,,,,,1-2 Months,1,2,Months,
102,12,Meat,Smoked Or Processed,Sausage,Raw bulk type or patties,,,,,,,,,,1-2 Days,1,2,Days,,- ,,,,,,,,1-2 Months,1,2,Months,
103,12,Meat,Smoked Or Processed,Sausage,"Fully cooked smoked links, kielbasa",,,,,,,,,,1-1 Weeks,1,1,Weeks,,- ,,,,,,,,1-2 Months,1,2,Months,
104,12,Meat,Smoked Or Processed,Sausage,"Hard, dry (pepperoni), sliced",,,,,,,,,,2-3 Weeks,2,3,Weeks,,- ,,,,,,,,1-2 Months,1,2,Months,
105,13,Meat,Stuffed or Assembled,"Stuffed, raw pork chops",,,,,,,,,,,1-2 Days,1,2,Days,,- ,,,,,,,,9-9 Months,9,9,Months,
106,13,Meat,Stuffed or Assembled,Raw kabobs with vegetables,,,,,,,,,,,1-2 Days,1,2,Days,,- ,,,,,,,,3-4 Months,3,4,Months,
107,11,Meat,Shelf Stable Foods,Bacon,Fully cooked,6-6 Months,6,6,Months,,,,,,- ,,,,,5-14 Days,5,14,Days,,,,,,,,,
108,11,Meat,Shelf Stable Foods,Ham,Shelf–stable cans,6-9 Months,6,9,Months,,,,,,- ,,,,,5-14 Days,5,14,Days,,,,,,,,,
109,11,Meat,Shelf Stable Foods,Jerky,Commercially dried,12-12 Months,12,12,Months,,,,,,- ,,,,,2-3 Months,2,3,Months,,,,,,,,,
110,11,Meat,Shelf Stable Foods,Jerky,Homemade,1-2 Months,1,2,Months,,,,,,- ,,,,,1-2 Months,1,2,Months,,,,,,,,,
111,11,Meat,Shelf Stable Foods,Meat products,Canned,5-5 Years,5,5,Years,,,,,,- ,,,,,3-4 Days,3,4,Days,,,,,,,,,
112,11,Meat,Shelf Stable Foods,Retort pouches or boxes,,,,,,,,,,,- ,,,,,3-4 Days,3,4,Days,,,,,,,,,
113,15,Poultry,Fresh,Chicken,Whole,,,,,,,,,,1-2 Days,1,2,Days,,- ,,,,,,,,12-12 Months,12,12,Months,
114,15,Poultry,Fresh,Turkey,Whole,,,,,,,,,,1-2 Days,1,2,Days,,- ,,,,,,,,12-12 Months,12,12,Months,
115,15,Poultry,Fresh,Ground turkey or chicken,,,,,,,,,,,1-2 Days,1,2,Days,,- ,,,,,,,,3-4 Months,3,4,Months,
116,15,Poultry,Fresh,Chicken parts,Breast halves bone-in,,,,,,,,,,1-2 Days,1,2,Days,,- ,,,,,,,,9-9 Months,9,9,Months,
117,15,Poultry,Fresh,Chicken parts,"Breast halves, boneless",,,,,,,,,,1-2 Days,1,2,Days,,- ,,,,,,,,9-9 Months,9,9,Months,
118,15,Poultry,Fresh,Chicken parts,Legs or Thighs,,,,,,,,,,1-2 Days,1,2,Days,,- ,,,,,,,,9-9 Months,9,9,Months,
119,15,Poultry,Fresh,Turkey parts,Breast halves bone-in,,,,,,,,,,1-2 Days,1,2,Days,,- ,,,,,,,,9-9 Months,9,9,Months,
120,15,Poultry,Fresh,Turkey parts,"Breast halves, boneless",,,,,,,,,,1-2 Days,1,2,Days,,- ,,,,,,,,9-9 Months,9,9,Months,
121,15,Poultry,Fresh,Turkey parts,Legs or Thighs,,,,,,,,,,1-2 Days,1,2,Days,,- ,,,,,,,,9-9 Months,9,9,Months,
123,15,Poultry,Fresh,Duckling,"Domestic or wild, whole",,,,,,,,,,1-2 Days,1,2,Days,,- ,,,,,,,,6-6 Months,6,6,Months,
125,15,Poultry,Fresh,Goose,"Domestic or wild, whole",,,,,,,,,,1-2 Days,1,2,Days,,- ,,,,,,,,6-6 Months,6,6,Months,
126,15,Poultry,Fresh,Pheasant,"Young, whole",,,,,,,,,,1-2 Days,1,2,Days,,- ,,,,,,,,6-6 Months,6,6,Months,
127,15,Poultry,Fresh,Quail,Whole,,,,,,,,,,1-2 Days,1,2,Days,,- ,,,,,,,,6-6 Months,6,6,Months,
128,15,Poultry,Fresh,Capon,Whole,,,,,,,,,,1-2 Days,1,2,Days,,- ,,,,,,,,12-12 Months,12,12,Months,
129,15,Poultry,Fresh,Cornish Hens,Whole,,,,,,,,,,1-2 Days,1,2,Days,,- ,,,,,,,,12-12 Months,12,12,Months,
130,15,Poultry,Fresh,Giblets,,,,,,,,,,,1-2 Days,1,2,Days,,- ,,,,,,,,3-4 Months,3,4,Months,
131,17,Poultry,Stuffed or Assembled,"Stuffed, raw chicken breasts",,,,,,,,,,,1-2 Days,1,2,Days,,- ,,,,,,,,9-9 Months,9,9,Months,
132,17,Poultry,Stuffed or Assembled,Raw kabobs with vegetables,,,,,,,,,,,1-2 Days,1,2,Days,,- ,,,,,,,,3-4 Months,3,4,Months,
133,17,Poultry,Stuffed or Assembled,Turducken,,,,,,,,,,,- Not Recommended,,,Not Recommended,,- ,,,,,,,,9-9 Months,9,9,Months,
134,14,Poultry,Cooked or Processed,"Chicken nuggets, patties",,,,,,,,,,,1-2 Days,1,2,Days,,- ,,,,,,,,1-3 Months,1,3,Months,
135,14,Poultry,Cooked or Processed,Cooked poultry dishes,,,,,,,,,,,3-4 Days,3,4,Days,,- ,,,,,,,,4-6 Months,4,6,Months,
136,14,Poultry,Cooked or Processed,Fried chicken,,,,,,,,,,,3-4 Days,3,4,Days,,- ,,,,,,,,4-4 Months,4,4,Months,
140,25,Deli & Prepared Foods,,Poultry pieces,Covered with gravy or broth,,,,,,,,,,3-4 Days,3,4,Days,,- ,,,,,,,,1-2 Months,1,2,Months,
141,14,Poultry,Cooked or Processed,Rotisserie chicken,,,,,,,,,,,3-4 Days,3,4,Days,,- ,,,,,,,,4-4 Months,4,4,Months,
142,16,Poultry,Shelf Stable Foods,Canned chicken,,5-5 Years,5,5,Years,,,,,,- ,,,,,3-4 Days,3,4,Days,,,,,- ,,,,
143,16,Poultry,Shelf Stable Foods,Retort pouches or boxes,,,,,,,,,,,- ,,,,,3-4 Days,3,4,Days,,,,,- ,,,,
144,20,Seafood,Fresh,Lean fish,"Cod, flounder, haddock, halibut, sole, etc.",,,,,,,,,,4-6 Days,4,6,Days,,- ,,,,,,,,6-10 Months,6,10,Months,
145,20,Seafood,Fresh,Lean fish,"Pollock, ocean perch, rockfish, sea trout.",,,,,,,,,,4-6 Days,4,6,Days,,- ,,,,,,,,4-8 Months,4,8,Months,
146,20,Seafood,Fresh,Fatty fish,"Bluefish, mackerel, mullet, salmon, tuna, etc.",,,,,,,,,,4-6 Days,4,6,Days,,- ,,,,,,,,2-3 Months,2,3,Months,
147,20,Seafood,Fresh,Caviar,"Fresh, in jar",,,,,,,,,,1-4 Weeks,1,4,Weeks,,2-2 Days,2,2,Days,,,,,- Not Recommended,,,Not Recommended,
148,20,Seafood,Fresh,Cooked fish,All,,,,,,,,,,3-4 Days,3,4,Days,,- ,,,,,,,,1-2 Months,1,2,Months,
149,20,Seafood,Fresh,Surimi seafood,,,,,,,,,,,3-3 Months,3,3,Months,,- ,,,,,,,,9-9 Months,9,9,Months,
150,21,Seafood,Shellfish,Scallops,,,,,,,,,,,1-3 Days,1,3,Days,,- ,,,,,,,,6-18 Months,6,18,Months,
151,21,Seafood,Shellfish,"Shrimp, crayfish",,,,,,,,,,,1-3 Days,1,3,Days,,- ,,,,,,,,6-18 Months,6,18,Months,
152,21,Seafood,Shellfish,Squid,,,,,,,,,,,1-3 Days,1,3,Days,,- ,,,,,,,,6-18 Months,6,18,Months,
153,21,Seafood,Shellfish,"Shucked clams, mussels, and oysters",,,,,,,,,,,3-10 Days,3,10,Days,,- ,,,,,,,,3-4 Months,3,4,Months,
154,21,Seafood,Shellfish,Crab meat,Fresh,,,,,,,,,,1-3 Days,1,3,Days,,- ,,,,,,,,2-4 Months,2,4,Months,
155,21,Seafood,Shellfish,Crab meat,Pasteurized,,,,,,,,,,10-12 Months,10,12,Months,,3-5 Days,3,5,Days,,,,,4-10 Months,4,10,Months,
156,21,Seafood,Shellfish,Crab legs,"King, dungeness, snow",,,,,,,,,,2-4 Days,2,4,Days,,- ,,,,,,,,9-12 Months,9,12,Months,
157,21,Seafood,Shellfish,"Live clams, mussels, crab, and oysters",,,,,,,,,,,1-2 Days,1,2,Days,,- ,,,,,,,,2-3 Months,2,3,Months,
158,21,Seafood,Shellfish,Fresh whole lobster,Live,,,,,,,,,,2-2 Weeks,2,2,Weeks,in a chilled tank,- ,,,,,,,,- Not Recommended,,,Not Recommended,
159,21,Seafood,Shellfish,Fresh lobster tails,,,,,,,,,,,1-2 Days,1,2,Days,,- ,,,,,,,,2-4 Weeks,2,4,Weeks,
160,21,Seafood,Shellfish,"Fresh clams, mussels, oysters",,,,,,,,,,,5-10 Days,5,10,Days,,- ,,,,,,,,- Not Recommended,,,Not Recommended,
161,21,Seafood,Shellfish,Fresh whole lobster,Frozen,,,,,,,,,,1-2 Days,1,2,Days,,- ,,,,,,,,2-4 Weeks,2,4,Weeks,
162,21,Seafood,Shellfish,Cooked shellfish,All,,,,,,,,,,3-4 Days,3,4,Days,,- ,,,,,,,,1-3 Months,1,3,Months,
163,22,Seafood,Smoked,Herring,"Glass packed, in wine sauce",,,,,,,,,,4-6 Months,4,6,Months,,- ,,,,,,,,- Not Recommended,,,Not Recommended,
164,22,Seafood,Smoked,Fish,"Hot smoked, air pack",,,,,,,,,,14-45 Days,14,45,Days,,- ,,,,,,,,9-12 Months,9,12,Months,
165,22,Seafood,Smoked,Fish,"Hot smoked, vacuum pack",,,,,,,,,,14-45 Days,14,45,Days,,- ,,,,,,,,6-12 Months,6,12,Months,
166,22,Seafood,Smoked,Fish,"Cold smoked, air pack",,,,,,,,,,14-30 Days,14,30,Days,,- ,,,,,,,,9-12 Months,9,12,Months,
167,22,Seafood,Smoked,Fish,"Cold smoked, vacuum pack",,,,,,,,,,21-30 Days,21,30,Days,,- ,,,,,,,,9-12 Months,9,12,Months,
168,24,Vegetarian Proteins,,Tofu,,,,,,,,,,,1-1 Weeks,1,1,Weeks,,- ,,,,,,,,5-5 Months,5,5,Months,
169,24,Vegetarian Proteins,,Miso,,,,,,,,,,,1-1 Years,1,1,Years,,- ,,,,,,,,- Not Recommended,,,Not Recommended,
170,24,Vegetarian Proteins,,Soy flour,Full–fat,2-2 Months,2,2,Months,,,,,,6-6 Months,6,6,Months,,- ,,,,,,,,- ,,,,
171,24,Vegetarian Proteins,,Textured soy protein,(TSP),2-2 Years,2,2,Years,,3-4 Months,3,4,Months,- ,,,,,- ,,,,,,,,- ,,,,
172,24,Vegetarian Proteins,,Re–hydrated textured soy protein,(TSP),3-4 Months,3,4,Months,,,,,,3-4 Days,3,4,Days,Refrigeration time applies to prepared product.,- ,,,,,,,,- ,,,,
173,25,Deli & Prepared Foods,,Leftovers,"with meat, fish, poultry or egg",,,,,,,,,,3-4 Days,3,4,Days,,,,,,,,,,2-3 Months,2,3,Months,
174,25,Deli & Prepared Foods,,Leftovers,"without meat, fish, poultry or egg (such as cooked vegitables, rice or potatoes)",,,,,,,,,,3-4 Days,3,4,Days,,,,,,,,,,1-2 Months,1,2,Months,
175,25,Deli & Prepared Foods,,Leftovers,Pizza,,,,,,,,,,3-4 Days,3,4,Days,,,,,,,,,,1-2 Months,1,2,Months,
176,25,Deli & Prepared Foods,,Commercial brand vacuum packed dinners,with USDA seal,,,,,,,,,,2-2 Weeks,2,2,Weeks,,- ,,,,,,,,- Not Recommended,,,Not Recommended,
177,25,Deli & Prepared Foods,,Cooked pasta,,,,,,,,,,,3-5 Days,3,5,Days,,- ,,,,,,,,1-2 Months,1,2,Months,
178,25,Deli & Prepared Foods,,Cooked rice,,,,,,,,,,,4-6 Days,4,6,Days,,- ,,,,,,,,6-6 Months,6,6,Months,
179,25,Deli & Prepared Foods,,"Fruit, cut",,,,,,,,,,,- ,,,,,4-4 Days,4,4,Days,,,,,- Not Recommended,,,Not Recommended,
180,25,Deli & Prepared Foods,,Guacamole,,,,,,,,,,,3-4 Days,3,4,Days,,,,,,,,,,3-4 Months,3,4,Months,
181,25,Deli & Prepared Foods,,Hummus,Pasteurized,,,,,,,,,,3-3 Months,3,3,Months,,- ,,,,,,,,- Not Recommended,,,Not Recommended,
182,25,Deli & Prepared Foods,,Hummus,with preservatives,,,,,,,,,,2-2 Months,2,2,Months,,- ,,,,,,,,- Not Recommended,,,Not Recommended,
183,25,Deli & Prepared Foods,,Hummus,"Traditional (no preservatives, not pasteurized)",,,,,,,,,,7-7 Days,7,7,Days,,- ,,,,,,,,- Not Recommended,,,Not Recommended,
184,25,Deli & Prepared Foods,,Luncheon Meat or Poultry,Store–sliced,,,,,,,,,,3-5 Days,3,5,Days,,- ,,,,,,,,1-2 Months,1,2,Months,
185,25,Deli & Prepared Foods,,Main dishes or meals,Hot or refrigerated,,,,,,,,,,3-4 Days,3,4,Days,,- ,,,,,,,,2-3 Months,2,3,Months,
186,25,Deli & Prepared Foods,,Meats,Covered with gravy or broth,,,,,,,,,,3-4 Days,3,4,Days,,- ,,,,,,,,6-6 Months,6,6,Months,
187,25,Deli & Prepared Foods,,Olives,,,,,,,,,,,2-2 Weeks,2,2,Weeks,,- ,,,,,,,,- Not Recommended,,,Not Recommended,
188,25,Deli & Prepared Foods,,Pate,,,,,,,,,,,1-2 Days,1,2,Days,,- ,,,,,,,,1-2 Months,1,2,Months,
189,25,Deli & Prepared Foods,,Pudding,,,,,,,,,,,- ,,,,,2-2 Days,2,2,Days,,,,,- Not Recommended,,,Not Recommended,
190,25,Deli & Prepared Foods,,Salads,"Containing meat, fish, poultry or eggs",,,,,,,,,,3-4 Days,3,4,Days,,- ,,,,,,,,- Not Recommended,,,Not Recommended,
191,25,Deli & Prepared Foods,,Salads,Vegetable,,,,,,,,,,3-5 Days,3,5,Days,,- ,,,,,,,,- Not Recommended,,,Not Recommended,
192,25,Deli & Prepared Foods,,Luncheon Meat or Poultry,Pre-packaged,,,,,,,,,,2-2 Weeks,2,2,Weeks,,3-5 Days,3,5,Days,,,,,1-2 Months,1,2,Months,
193,25,Deli & Prepared Foods,,"Soup, stews",,,,,,,,,,,3-4 Days,3,4,Days,,- ,,,,,,,,2-3 Months,2,3,Months,
194,25,Deli & Prepared Foods,,Casseroles,,,,,,,,,,,3-4 Days,3,4,Days,,- ,,,,,,,,- ,,,,
195,2,Baked Goods,Bakery,Commercial bread products,"including pan breads, flat breads, rolls and buns",14-18 Days,14,18,Days,,,,,,- ,,,,,2-3 Weeks,2,3,Weeks,,,,,3-5 Months,3,5,Months,
196,2,Baked Goods,Bakery,Tortillas,,3-3 Months,3,3,Months,,,,,,- ,,,,,3-3 Months,3,3,Months,,,,,6-6 Months,6,6,Months,
197,2,Baked Goods,Bakery,Commercial cakes and muffins,,3-7 Days,3,7,Days,,,,,,- ,,,,,7-10 Days,7,10,Days,,,,,6-6 Months,6,6,Months,
198,2,Baked Goods,Bakery,Cheesecake,,,,,,,,,,,- ,,,,,5-7 Days,5,7,Days,,,,,3-6 Months,3,6,Months,
199,2,Baked Goods,Bakery,Cookies,Soft,2-3 Months,2,3,Months,,,,,,- ,,,,,- ,,,,,,,,8-12 Months,8,12,Months,
200,2,Baked Goods,Bakery,Cookies,Crispy,4-6 Months,4,6,Months,,,,,,- ,,,,,- ,,,,,,,,8-12 Months,8,12,Months,
201,2,Baked Goods,Bakery,Dairy filled eclairs,,,,,,,,,,,- ,,,,,2-3 Days,2,3,Days,,,,,3-3 Months,3,3,Months,
202,2,Baked Goods,Bakery,Doughnuts,,1-2 Days,1,2,Days,,,,,,- ,,,,,2-2 Days,2,2,Days,,,,,- Not Recommended,,,Not Recommended,
203,2,Baked Goods,Bakery,Fruit cake,,6-6 Months,6,6,Months,,,,,,- ,,,,,12-12 Months,12,12,Months,,,,,12-12 Months,12,12,Months,
204,2,Baked Goods,Bakery,"Pastries, danish",,5-10 Days,5,10,Days,,,,,,- ,,,,,14-14 Months,14,14,Months,,,,,- Not Recommended,,,Not Recommended,
205,2,Baked Goods,Bakery,Pies,Cream,,,,,,,,,,- ,,,,,3-4 Days,3,4,Days,,,,,- Not Recommended,,,Not Recommended,
206,2,Baked Goods,Bakery,Pies,Chiffon,,,,,,,,,,- ,,,,,1-2 Days,1,2,Days,,,,,- Not Recommended,,,Not Recommended,
207,2,Baked Goods,Bakery,Pies,Fruit,1-2 Days,1,2,Days,,,,,,- ,,,,,1-1 Weeks,1,1,Weeks,,,,,8-8 Months,8,8,Months,
208,2,Baked Goods,Bakery,Pies,Mincemeat,2-2 Hours,2,2,Hours,,,,,,- ,,,,,1-1 Weeks,1,1,Weeks,,,,,8-8 Months,8,8,Months,
209,2,Baked Goods,Bakery,Pies,Pecan,2-2 Hours,2,2,Hours,,,,,,- ,,,,,3-4 Days,3,4,Days,,,,,1-2 Months,1,2,Months,
210,2,Baked Goods,Bakery,Pies,Pumpkin,2-2 Hours,2,2,Hours,,,,,,- ,,,,,3-4 Days,3,4,Days,,,,,1-2 Months,1,2,Months,
211,2,Baked Goods,Bakery,Quiche,,2-2 Hours,2,2,Hours,,,,,,- ,,,,,3-5 Days,3,5,Days,,,,,2-3 Months,2,3,Months,
212,3,Baked Goods,Baking and Cooking,Baking powder,,6-18 Months,6,18,Months,,3-6 Months,3,6,Months,- ,,,,,- ,,,,,,,,- ,,,,
213,3,Baked Goods,Baking and Cooking,Baking soda,,2-3 Years,2,3,Years,,6-6 Months,6,6,Months,- ,,,,,- ,,,,,,,,- ,,,,
214,3,Baked Goods,Baking and Cooking,Biscuit or pancake mix,,12-12 Months,12,12,Months,,- ,,,,- ,,,,,- ,,,,,,,,- ,,,,
215,3,Baked Goods,Baking and Cooking,"Cake, brownie, bread mixes",,12-18 Months,12,18,Months,,- ,,,,- ,,,,,- ,,,,,,,,- ,,,,
216,3,Baked Goods,Baking and Cooking,Chocolate,"Unsweetened and semi–sweet, solid",1-2 Years,1,2,Years,,1-1 Years,1,1,Years,- ,,,,,- ,,,,,,,,- ,,,,
217,3,Baked Goods,Baking and Cooking,Cocoa and cocoa mixes,,- Indefinitely,,,Indefinitely,,1-1 Years,1,1,Years,- ,,,,,- ,,,,,,,,- ,,,,
218,3,Baked Goods,Baking and Cooking,Cornmeal,"Regular, degerminated",6-12 Months,6,12,Months,,2-2 Years,2,2,Years,- ,,,,,1-1 Year,1,1,Year,,,,,- ,,,,
219,3,Baked Goods,Baking and Cooking,Cornmeal,Stone ground or blue,1-1 Months,1,1,Months,,- Not Recommended,,,Not Recommended,- ,,,,,2-4 Months,2,4,Months,,,,,- ,,,,
220,3,Baked Goods,Baking and Cooking,Cornstarch,,18-24 Months,18,24,Months,,18-18 Months,18,18,Months,- ,,,,,- ,,,,,,,,- ,,,,
221,3,Baked Goods,Baking and Cooking,Extracts,"Vanilla, lemon, etc",- Indefinitely,,,Indefinitely,Pure vanilla extract lasts indefinitely.,,,,,- ,,,,,- ,,,,,,,,- ,,,,
222,3,Baked Goods,Baking and Cooking,Flour,White,6-12 Months,6,12,Months,,6-8 Months,6,8,Months,- ,,,,,1-1 Year,1,1,Year,,,,,- ,,,,
223,3,Baked Goods,Baking and Cooking,Flour,Whole wheat,3-6 Months,3,6,Months,,,,,,- ,,,,,6-8 Months,6,8,Months,,,,,- ,,,,
224,3,Baked Goods,Baking and Cooking,Frosting or icing,,10-12 Months,10,12,Months,,- ,,,,- ,,,,,2-3 Weeks,2,3,Weeks,,,,,- ,,,,
225,3,Baked Goods,Baking and Cooking,Gelatin,Flavored,10-12 Months,10,12,Months,,3-4 Months,3,4,Months,- ,,,,,- ,,,,,,,,- ,,,,
226,3,Baked Goods,Baking and Cooking,Gelatin,Unflavored,3-3 Years,3,3,Years,,- Not Recommended,,,Not Recommended,- ,,,,,- ,,,,,,,,- ,,,,
227,3,Baked Goods,Baking and Cooking,Oils,Olive or vegetable,6-12 Months,6,12,Months,,3-5 Months,3,5,Months,- ,,,,,4-4 Months,4,4,Months,,,,,- ,,,,
228,3,Baked Goods,Baking and Cooking,Nut oils,,6-6 Months,6,6,Months,,,,,,- ,,,,,- ,,,,,,,,- ,,,,
229,3,Baked Goods,Baking and Cooking,Vegetable oil sprays,,2-2 Years,2,2,Years,,1-1 Years,1,1,Years,- ,,,,,- ,,,,,,,,- ,,,,
230,3,Baked Goods,Baking and Cooking,Shortening,Solid,1-2 Years,1,2,Years,,6-12 Months,6,12,Months,- ,,,,,- ,,,,,,,,- ,,,,
231,3,Baked Goods,Baking and Cooking,Tamarind paste,,6-12 Months,6,12,Months,,6-6 Months,6,6,Months,- ,,,,,2-3 Months,2,3,Months,,,,,- ,,,,
232,3,Baked Goods,Baking and Cooking,Chili powder,,2-2 Years,2,2,Years,,2-2 Years,2,2,Years,- ,,,,,- ,,,,,,,,- ,,,,
233,3,Baked Goods,Baking and Cooking,Seasoning blends,,1-2 Years,1,2,Years,,1-2 Years,1,2,Years,- ,,,,,- ,,,,,,,,- ,,,,
234,3,Baked Goods,Baking and Cooking,Flavored or herb mixes,,6-6 Months,6,6,Months,,,,,,- ,,,,,- ,,,,,,,,- ,,,,
235,3,Baked Goods,Baking and Cooking,Garlic,"Chopped, commercial jars",8-12 Months,8,12,Months,,,,,,- ,,,,,- ,,,,,,,,- ,,,,
236,3,Baked Goods,Baking and Cooking,Herbs,Dried,1-2 Years,1,2,Years,,1-2 Years,1,2,Years,- ,,,,,- ,,,,,,,,- ,,,,
237,3,Baked Goods,Baking and Cooking,Spices,Whole,3-4 Years,3,4,Years,,3-4 Years,3,4,Years,- ,,,,,- ,,,,,,,,- ,,,,
238,3,Baked Goods,Baking and Cooking,Spice,Ground,2-3 Years,2,3,Years,,2-3 Years,2,3,Years,- ,,,,,- ,,,,,,,,- ,,,,
239,3,Baked Goods,Baking and Cooking,Sugar,Brown,- Indefinitely,,,Indefinitely,"Sugar never spoils, but for best quality use within 2 years of opening.",18-24 Months,18,24,Months,- ,,,,,- ,,,,,,,,- ,,,,
240,3,Baked Goods,Baking and Cooking,Sugar,Granulated,- Indefinitely,,,Indefinitely,"Sugar never spoils, but for best quality use within 2 years of opening.",18-24 Months,18,24,Months,- ,,,,,- ,,,,,,,,- ,,,,
241,3,Baked Goods,Baking and Cooking,Sugar,Confectioners,- Indefinitely,,,Indefinitely,"Sugar never spoils, but for best quality use within 2 years of opening.",18-24 Months,18,24,Months,- ,,,,,- ,,,,,,,,- ,,,,
242,3,Baked Goods,Baking and Cooking,Sugar substitutes,,2-2 Years,2,2,Years,,- Indefinitely,,,Indefinitely,- ,,,,,- ,,,,,,,,- ,,,,
243,3,Baked Goods,Baking and Cooking,Tapiocas,,12-12 Months,12,12,Months,,12-12 Months,12,12,Months,- ,,,,,- ,,,,,,,,- ,,,,
245,4,Baked Goods,Refrigerated Dough,Tube cans,"of biscuits, rolls, pizza dough, etc.",,,,,,,,,,- ,,,,,- ,,,,,,,,- Not Recommended,,,Not Recommended,
246,4,Baked Goods,Refrigerated Dough,Ready–to–bake pie crust,,,,,,,,,,,- ,,,,,- ,,,,,,,,2-2 Months,2,2,Months,
247,4,Baked Goods,Refrigerated Dough,Cookie dough,,,,,,,,,,,- ,,,,,- ,,,,,,,,2-2 Months,2,2,Months,
248,18,Produce,Fresh Fruits,Apples,,3-3 Weeks,3,3,Weeks,,,,,,4-6 Weeks,4,6,Weeks,,- ,,,,,,,,8-8 Months,8,8,Months,when cooked
249,18,Produce,Fresh Fruits,Apricots,,- Ripe,,,Ripe,"Ripe is when this item is tender, fully developed and ready to eat.",,,,,2-5 Days,2,5,Days,,- ,,,,,,,,- Not Recommended,,,Not Recommended,
250,18,Produce,Fresh Fruits,Avocados,,- Ripe,,,Ripe,"Ripe is when this item is tender, fully developed and ready to eat.",,,,,3-4 Days,3,4,Days,,- ,,,,,,,,- Not Recommended,,,Not Recommended,
251,18,Produce,Fresh Fruits,Bananas,,- Ripe,,,Ripe,"Ripe is when this item is tender, fully developed and ready to eat.",,,,,3-3 Days,3,3,Days,Skin will blacken,- ,,,,,,,,2-3 Months,2,3,Months,
252,18,Produce,Fresh Fruits,Berries,"Cherries, goose berries, lychee",- Ripe,,,Ripe,"Ripe is when this item is tender, fully developed and ready to eat.",,,,,7-7 Days,7,7,Days,,- ,,,,,,,,12-12 Months,12,12,Months,
253,18,Produce,Fresh Fruits,Berries,"Blackberries, boysenberries, currant, raspberries, strawberries",- Ripe,,,Ripe,"Ripe is when this item is tender, fully developed and ready to eat.",,,,,3-6 Days,3,6,Days,,- ,,,,,,,,12-12 Months,12,12,Months,
254,18,Produce,Fresh Fruits,Blueberries,,- Ripe,,,Ripe,"Ripe is when this item is tender, fully developed and ready to eat.",,,,,10-10 Days,10,10,Days,,- ,,,,,,,,12-12 Months,12,12,Months,
255,18,Produce,Fresh Fruits,Cherimoya,,- Ripe,,,Ripe,"Ripe is when this item is tender, fully developed and ready to eat.",,,,,4-4 Days,4,4,Days,,- ,,,,,,,,10-12 Months,10,12,Months,
256,18,Produce,Fresh Fruits,Citrus fruit,,10-10 Days,10,10,Days,,,,,,10-21 Days,10,21,Days,,- ,,,,,,,,- Not Recommended,,,Not Recommended,
257,18,Produce,Fresh Fruits,Coconut,Shredded,1-1 Years,1,1,Years,,6-6 Months,6,6,Months,,,,,,8-8 Months,8,8,Months,,,,,1-1 Years,1,1,Years,
258,18,Produce,Fresh Fruits,Coconuts,Fresh,1-1 Weeks,1,1,Weeks,,,,,,2-3 Weeks,2,3,Weeks,,- ,,,,,,,,- Not Recommended,,,Not Recommended,
259,18,Produce,Fresh Fruits,Cranberries,,,,,,,,,,,2-2 Months,2,2,Months,,- ,,,,,,,,12-12 Months,12,12,Months,
260,18,Produce,Fresh Fruits,Dates,,2-2 Months,2,2,Months,,,,,,12-12 Months,12,12,Months,,- ,,,,,,,,1-2 Years,1,2,Years,
261,18,Produce,Fresh Fruits,Grapes,,1-1 Days,1,1,Days,,,,,,1-1 Weeks,1,1,Weeks,,- ,,,,,,,,1-1 Months,1,1,Months,when whole
262,18,Produce,Fresh Fruits,Guava,,- Ripe,,,Ripe,"Ripe is when this item is tender, fully developed and ready to eat.",,,,,2-4 Days,2,4,Days,,- ,,,,,,,,- Not Recommended,,,Not Recommended,
263,18,Produce,Fresh Fruits,Kiwi fruit,,- Ripe,,,Ripe,"Ripe is when this item is tender, fully developed and ready to eat.",,,,,3-6 Days,3,6,Days,,- ,,,,,,,,- Not Recommended,,,Not Recommended,
264,18,Produce,Fresh Fruits,Melons,,- Ripe,,,Ripe,"Until ripe, then 7 days. Ripe is when this item is tender, fully developed and ready to eat.",,,,,2-2 Weeks,2,2,Weeks,,2-4 Days,2,4,Days,,,,,1-1 Months,1,1,Months,as balls
265,18,Produce,Fresh Fruits,"Papaya, mango, feijoa, passionfruit, casaha melon",,3-5 Days,3,5,Days,,,,,,1-1 Weeks,1,1,Weeks,,- ,,,,,,,,6-8 Months,6,8,Months,
266,18,Produce,Fresh Fruits,"Peaches, nectarines, plums, pears, sapote",,- Ripe,,,Ripe,"Until ripe, then 1–2 days. Ripe is when this item is tender, fully developed and ready to eat.",,,,,3-5 Days,3,5,Days,,- ,,,,,,,,2-2 Months,2,2,Months,"sliced, with lemon juice and sugar"
267,18,Produce,Fresh Fruits,Pineapple,,1-2 Days,1,2,Days,"Until ripe, then 1–2 days. Ripe is when this item is tender, fully developed and ready to eat.",,,,,5-7 Days,5,7,Days,,- ,,,,,,,,10-12 Months,10,12,Months,
268,18,Produce,Fresh Fruits,Plantains,,- Ripe,,,Ripe,"Until ripe, then 1–2 days. Ripe is when this item is tender, fully developed and ready to eat.",,,,,3-5 Days,3,5,Days,,- ,,,,,,,,10-12 Months,10,12,Months,
269,18,Produce,Fresh Fruits,Pomegranate,,2-5 Days,2,5,Days,,,,,,1-3 Months,1,3,Months,,- ,,,,,,,,10-12 Months,10,12,Months,
270,19,Produce,Fresh Vegetables,"Artichokes, whole",,1-2 Days,1,2,Days,,,,,,1-2 Weeks,1,2,Weeks,,- ,,,,,,,,- Not Recommended,,,Not Recommended,
271,19,Produce,Fresh Vegetables,Asparagus,,,,,,,,,,,3-4 Days,3,4,Days,,- ,,,,,,,,5-5 Months,5,5,Months,
272,19,Produce,Fresh Vegetables,Bamboo shoots,,,,,,,,,,,2-2 Weeks,2,2,Weeks,,5-5 Days,5,5,Days,,,,,- ,,,,
273,19,Produce,Fresh Vegetables,Beans and peas,"Green, fava, lima, soybean, wax",,,,,,,,,,3-5 Days,3,5,Days,,- ,,,,,,,,8-8 Months,8,8,Months,
274,19,Produce,Fresh Vegetables,Beets,,1-1 Days,1,1,Days,,,,,,7-14 Days,7,14,Days,,- ,,,,,,,,6-8 Months,6,8,Months,
275,19,Produce,Fresh Vegetables,Bok choy,,,,,,,,,,,2-3 Days,2,3,Days,,- ,,,,,,,,10-12 Months,10,12,Months,
276,19,Produce,Fresh Vegetables,Broccoli and broccoli raab (rapini),,,,,,,,,,,3-5 Days,3,5,Days,,- ,,,,,,,,10-12 Months,10,12,Months,
277,19,Produce,Fresh Vegetables,Brussels sprouts,,,,,,,,,,,3-5 Days,3,5,Days,,- ,,,,,,,,10-12 Months,10,12,Months,
278,19,Produce,Fresh Vegetables,Cabbage,,,,,,,,,,,1-2 Weeks,1,2,Weeks,,- ,,,,,,,,10-12 Months,10,12,Months,
279,19,Produce,Fresh Vegetables,"Carrots, parsnips",,,,,,,,,,,2-3 Weeks,2,3,Weeks,,- ,,,,,,,,10-12 Months,10,12,Months,
280,19,Produce,Fresh Vegetables,Cauliflower,,,,,,,,,,,3-5 Days,3,5,Days,,- ,,,,,,,,10-12 Months,10,12,Months,
281,19,Produce,Fresh Vegetables,Celery,,,,,,,,,,,1-2 Weeks,1,2,Weeks,,- ,,,,,,,,10-12 Months,10,12,Months,
282,19,Produce,Fresh Vegetables,Corn on the cob,,,,,,,,,,,1-2 Days,1,2,Days,,- ,,,,,,,,8-8 Months,8,8,Months,
283,19,Produce,Fresh Vegetables,Cucumbers,,,,,,,,,,,4-6 Days,4,6,Days,,- ,,,,,,,,- Not Recommended,,,Not Recommended,
284,19,Produce,Fresh Vegetables,Eggplant,,1-1 Days,1,1,Days,,,,,,4-7 Days,4,7,Days,,- ,,,,,,,,6-8 Months,6,8,Months,
285,19,Produce,Fresh Vegetables,Garlic,,1-1 Months,1,1,Months,Unbroken bulbs,,,,,3-14 Days,3,14,Days,for individual cloves,- ,,,,,,,,1-1 Months,1,1,Months,
286,19,Produce,Fresh Vegetables,Ginger root,,2-5 Days,2,5,Days,,,,,,2-3 Weeks,2,3,Weeks,,- ,,,,,,,,6-6 Months,6,6,Months,
287,19,Produce,Fresh Vegetables,Greens,,,,,,,,,,,1-4 Days,1,4,Days,,- ,,,,,,,,10-12 Months,10,12,Months,
288,19,Produce,Fresh Vegetables,Herbs,,,,,,,,,,,7-10 Days,7,10,Days,,- ,,,,,,,,1-2 Months,1,2,Months,
289,19,Produce,Fresh Vegetables,Leeks,,,,,,,,,,,1-2 Weeks,1,2,Weeks,,- ,,,,,,,,10-12 Months,10,12,Months,
290,19,Produce,Fresh Vegetables,Lettuce,"Iceberg, romaine",,,,,,,,,,1-2 Weeks,1,2,Weeks,,- ,,,,,,,,- Not Recommended,,,Not Recommended,
291,19,Produce,Fresh Vegetables,Lettuce,"Leaf, spinach",,,,,,,,,,3-7 Days,3,7,Days,,- ,,,,,,,,- Not Recommended,,,Not Recommended,
292,19,Produce,Fresh Vegetables,Mushrooms,,,,,,,,,,,3-7 Days,3,7,Days,,- ,,,,,,,,10-12 Months,10,12,Months,
293,19,Produce,Fresh Vegetables,Okra,,1-1 Days,1,1,Days,,,,,,2-3 Days,2,3,Days,,- ,,,,,,,,10-12 Months,10,12,Months,
294,19,Produce,Fresh Vegetables,Onions,Dry,1-1 Months,1,1,Months,,,,,,2-2 Months,2,2,Months,,- ,,,,,,,,10-12 Months,10,12,Months,
295,19,Produce,Fresh Vegetables,Onions,Spring or green,1-1 Months,1,1,Months,,,,,,1-1 Weeks,1,1,Weeks,,- ,,,,,,,,10-12 Months,10,12,Months,
296,19,Produce,Fresh Vegetables,Peppers,,,,,,,,,,,4-14 Days,4,14,Days,,- ,,,,,,,,6-8 Months,6,8,Months,
297,19,Produce,Fresh Vegetables,Potatoes,,1-2 Months,1,2,Months,,,,,,1-2 Weeks,1,2,Weeks,,- ,,,,,,,,10-12 Months,10,12,Months,Cooked and mashed
298,19,Produce,Fresh Vegetables,Pumpkins,,2-3 Months,2,3,Months,,,,,,3-5 Months,3,5,Months,,- ,,,,,,,,- ,,,,
299,19,Produce,Fresh Vegetables,Radishes,,,,,,,,,,,10-14 Days,10,14,Days,,- ,,,,,,,,- Not Recommended,,,Not Recommended,
300,19,Produce,Fresh Vegetables,Rhubarb,,,,,,,,,,,3-7 Days,3,7,Days,,- ,,,,,,,,- ,,,,
301,19,Produce,Fresh Vegetables,Rutabagas,,1-1 Weeks,1,1,Weeks,,,,,,2-3 Weeks,2,3,Weeks,,- ,,,,,,,,8-10 Months,8,10,Months,
302,19,Produce,Fresh Vegetables,Squash,Summer and zucchini,1-5 Days,1,5,Days,,,,,,4-5 Days,4,5,Days,,- ,,,,,,,,10-12 Months,10,12,Months,
303,19,Produce,Fresh Vegetables,Squash,Winter,2-6 Weeks,2,6,Weeks,,,,,,1-3 Months,1,3,Months,,- ,,,,,,,,10-12 Months,10,12,Months,
304,19,Produce,Fresh Vegetables,Tamarind,,1-3 Weeks,1,3,Weeks,,,,,,6-6 Months,6,6,Months,just the pulp,- ,,,,,,,,1-1 Years,1,1,Years,Just the pulp
305,19,Produce,Fresh Vegetables,Taro,,7-7 Days,7,7,Days,,,,,,2-3 Days,2,3,Days,Refrigeration not highly recommended,- ,,,,,,,,- ,,,,
306,19,Produce,Fresh Vegetables,Tomatoes,,- Ripe,,,Ripe,"Until ripe, then 7 days",,,,,2-7 Days,2,7,Days,,- ,,,,,,,,2-2 Months,2,2,Months,
307,19,Produce,Fresh Vegetables,Turnips,,,,,,,,,,,2-2 Weeks,2,2,Weeks,,- ,,,,,,,,8-10 Months,8,10,Months,
308,19,Produce,Fresh Vegetables,Yuca/cassava,,7-7 Days,7,7,Days,,,,,,3-3 Days,3,3,Days,,- ,,,,,,,,1-2 Months,1,2,Months,
309,8,Food Purchased Frozen,,Dough,Commercial (bread or cookie),,,,,,,,,,- ,,,,,- ,,,,4-7 Days,4,7,Days,6-6 Months,6,6,Months,
310,8,Food Purchased Frozen,,Egg substitutes,,,,,,,,,,,- ,,,,,7-7 Days,7,7,Days,- ,,,,12-12 Months,12,12,Months,
311,8,Food Purchased Frozen,,Fish,Breaded,,,,,,,,,,- ,,,,,- ,,,,- Not Recommended,,,Not Recommended,18-18 Months,18,18,Months,
312,8,Food Purchased Frozen,,Fish,Raw but headed and gutted,,,,,,,,,,- ,,,,,- ,,,,1-2 Days,1,2,Days,6-6 Months,6,6,Months,
313,8,Food Purchased Frozen,,Frozen potato products,"Fries, hashbrowns, tater tots",,,,,,,,,,- ,,,,,- ,,,,- Not Recommended,,,Not Recommended,6-12 Months,6,12,Months,
314,8,Food Purchased Frozen,,Frozen pretzels,,,,,,,,,,,- ,,,,,- ,,,,2-3 Weeks,2,3,Weeks,9-12 Months,9,12,Months,
315,8,Food Purchased Frozen,,Fruits,"such as berries, melons",,,,,,,,,,- ,,,,,- ,,,,4-5 Days,4,5,Days,4-6 Months,4,6,Months,
317,8,Food Purchased Frozen,,Ice cream,,,,,,,,,,,- ,,,,,- ,,,,- Not Recommended,,,Not Recommended,2-4 Months,2,4,Months,
318,8,Food Purchased Frozen,,Ice pops,,,,,,,,,,,- ,,,,,- ,,,,- Not Recommended,,,Not Recommended,9-9 Months,9,9,Months,
319,8,Food Purchased Frozen,,Juice concentrates,,,,,,,,,,,- ,,,,,- ,,,,7-10 Days,7,10,Days,1-2 Years,1,2,Years,
320,8,Food Purchased Frozen,,Lobster tails,,,,,,,,,,,- ,,,,,- ,,,,2-2 Days,2,2,Days,2-4 Weeks,2,4,Weeks,
321,8,Food Purchased Frozen,,"Pancakes, waffles",,,,,,,,,,,- ,,,,,- ,,,,3-4 Days,3,4,Days,2-2 Months,2,2,Months,
322,8,Food Purchased Frozen,,Sausages,Uncooked,,,,,,,,,,- ,,,,,- ,,,,1-2 Days,1,2,Days,1-2 Months,1,2,Months,
323,8,Food Purchased Frozen,,Sausages,Precooked,,,,,,,,,,- ,,,,,- ,,,,1-1 Weeks,1,1,Weeks,1-2 Months,1,2,Months,
324,8,Food Purchased Frozen,,"Sherbet, sorbet",,,,,,,,,,,- ,,,,,- ,,,,- Not Recommended,,,Not Recommended,2-4 Months,2,4,Months,
325,8,Food Purchased Frozen,,"Shrimp, shellfish",,,,,,,,,,,- ,,,,,- ,,,,1-2 Days,1,2,Days,12-18 Months,12,18,Months,
326,8,Food Purchased Frozen,,Soy crumbles and hot dogs,,,,,,,,,,,- ,,,,,- ,,,,3-4 Days,3,4,Days,9-9 Months,9,9,Months,
327,8,Food Purchased Frozen,,Soy meat substitutes,,,,,,,,,,,- ,,,,,- ,,,,3-4 Days,3,4,Days,12-18 Months,12,18,Months,
328,8,Food Purchased Frozen,,Tempeh,,,,,,,,,,,- ,,,,,- ,,,,1-2 Weeks,1,2,Weeks,6-6 Months,6,6,Months,
330,8,Food Purchased Frozen,,"TV dinners, entrees, breakfast",,,,,,,,,,,- ,,,,,- ,,,,- Not Recommended,,,Not Recommended,3-3 Months,3,3,Months,
331,8,Food Purchased Frozen,,Vegetables,,,,,,,,,,,- ,,,,,- ,,,,3-4 Days,3,4,Days,8-8 Months,8,8,Months,
332,9,"Grains, Beans & Pasta",,Fresh pasta,,,,,,,,,,,1-2 Days,1,2,Days,,- ,,,,,,,,2-2 Months,2,2,Months,
333,9,"Grains, Beans & Pasta",,Beans,Dried,1-2 Years,1,2,Years,,1-1 Years,1,1,Years,- ,,,,,- ,,,,,,,,- ,,,,
334,9,"Grains, Beans & Pasta",,Lentils,Dried,12-12 Months,12,12,Months,,12-12 Months,12,12,Months,- ,,,,,- ,,,,,,,,- ,,,,
335,9,"Grains, Beans & Pasta",,Pasta,"Dry, without eggs",2-2 Years,2,2,Years,,1-1 Years,1,1,Years,- ,,,,,- ,,,,,,,,- ,,,,
336,9,"Grains, Beans & Pasta",,Dry egg noodles,,2-2 Years,2,2,Years,,1-2 Months,1,2,Months,- ,,,,,- ,,,,,,,,- ,,,,
337,9,"Grains, Beans & Pasta",,Peas,Dried split,12-12 Months,12,12,Months,,12-12 Months,12,12,Months,- ,,,,,- ,,,,,,,,- ,,,,
338,9,"Grains, Beans & Pasta",,Rice,White or wild,2-2 Years,2,2,Years,,1-1 Years,1,1,Years,- ,,,,,6-6 Months,6,6,Months,,,,,- ,,,,
339,9,"Grains, Beans & Pasta",,Rice,Brown,1-1 Years,1,1,Years,,1-1 Years,1,1,Years,- ,,,,,6-6 Months,6,6,Months,,,,,- ,,,,
340,6,Condiments & Sauces,,Barbecue sauce,Bottled,12-12 Months,12,12,Months,,,,,,4-4 Months,4,4,Months,,- ,,,,,,,,- ,,,,
341,6,Condiments & Sauces,,Chutney,,12-12 Months,12,12,Months,,,,,,1-2 Months,1,2,Months,,- ,,,,,,,,- ,,,,
342,6,Condiments & Sauces,,"Cream sauces, milk solids",,6-12 Months,6,12,Months,,,,,,- ,,,,,- ,,,,,,,,- ,,,,
343,6,Condiments & Sauces,,Dry gravy mixes,,2-2 Years,2,2,Years,,,,,,1-2 Days,1,2,Days,Refrigeration time applies to prepared product.,- ,,,,,,,,- ,,,,
344,6,Condiments & Sauces,,Gravy,Jars and cans,2-5 Years,2,5,Years,,,,,,1-2 Days,1,2,Days,,- ,,,,,,,,- ,,,,
345,6,Condiments & Sauces,,Honey,,2-2 Years,2,2,Years,,,,,,- ,,,,,- ,,,,,,,,- ,,,,
346,6,Condiments & Sauces,,Horseradish,in jar,,,,,,,,,,12-12 Months,12,12,Months,,3-4 Months,3,4,Months,,,,,- ,,,,
347,6,Condiments & Sauces,,"Jams, jellies, and preserves",,6-18 Months,6,18,Months,,,,,,,,,,,6-12 Months,6,12,Months,,,,,- ,,,,
348,6,Condiments & Sauces,,"Ketchup, cocktail, or chili sauce",,12-12 Months,12,12,Months,,,,,,,,,,,6-6 Months,6,6,Months,,,,,- ,,,,
349,6,Condiments & Sauces,,Marinades,,1-1 Years,1,1,Years,,,,,,,,,,,6-6 Months,6,6,Months,,,,,- ,,,,
350,6,Condiments & Sauces,,Mayonnaise,Commercial,3-6 Months,3,6,Months,,,,,,,,,,,2-2 Months,2,2,Months,,,,,- ,,,,
351,6,Condiments & Sauces,,Mustard,,1-2 Years,1,2,Years,,,,,,,,,,,12-12 Months,12,12,Months,,,,,- ,,,,
352,6,Condiments & Sauces,,Olives,Black and green,12-18 Months,12,18,Months,,,,,,- ,,,,,2-2 Weeks,2,2,Weeks,,,,,- ,,,,
353,6,Condiments & Sauces,,Pickles,,12-12 Months,12,12,Months,,,,,,- ,,,,,1-3 Months,1,3,Months,,,,,- ,,,,
354,6,Condiments & Sauces,,Pesto,Jarred,,,,,,,,,,6-6 Months,6,6,Months,,3-3 Days,3,3,Days,,,,,1-1 Months,1,1,Months,
356,6,Condiments & Sauces,,Salad dressings,"Commercial, bottled",10-12 Months,10,12,Months,,,,,,- ,,,,,1-3 Months,1,3,Months,,,,,- ,,,,
357,6,Condiments & Sauces,,Salsa,Picante and taco sauces,12-12 Months,12,12,Months,,,,,,- ,,,,,1-1 Months,1,1,Months,,,,,- ,,,,
358,6,Condiments & Sauces,,Sauce mixes,"Nondairy (spaghetti, taco, etc.)",2-2 Years,2,2,Years,,,,,,- ,,,,,- ,,,,,,,,- ,,,,
359,6,Condiments & Sauces,,Spaghetti sauce,in jars,18-18 Months,18,18,Months,,,,,,- ,,,,,4-4 Days,4,4,Days,,,,,- ,,,,
360,6,Condiments & Sauces,,Soy sauce or teriyaki sauce,,3-3 Years,3,3,Years,,,,,,- ,,,,,1-1 Months,1,1,Months,,,,,- ,,,,
361,6,Condiments & Sauces,,Vinegar,,2-2 Years,2,2,Years,,,,,,- ,,,,,- ,,,,,,,,- ,,,,
362,6,Condiments & Sauces,,Worcestershire sauce,,1-1 Years,1,1,Years,,,,,,- ,,,,,- ,,,,,,,,- ,,,,
363,1,Baby Food,,Baby food,Jars or pouches,- ,,,,,,,,,- ,,,,,2-3 Days,2,3,Days,,,,,- ,,,,
364,1,Baby Food,,Baby food,Fruit,- ,,,,,,,,,- ,,,,,3-3 Days,3,3,Days,,,,,- ,,,,
365,1,Baby Food,,Baby food,Vegetables,- ,,,,,,,,,- ,,,,,2-2 Days,2,2,Days,,,,,- ,,,,
366,1,Baby Food,,Baby food,Dinners,- ,,,,,,,,,- ,,,,,2-2 Days,2,2,Days,,,,,- ,,,,
367,1,Baby Food,,Baby food,"Cereal, dry mixes",- ,,,,,2-2 Months,2,2,Months,- ,,,,,1-2 Months,1,2,Months,,,,,- ,,,,
368,1,Baby Food,,Formula,Prepared,- ,,,,,1-1 Hours,1,1,Hours,- ,,,,,1-1 Days,1,1,Days,,,,,- ,,,,
369,1,Baby Food,,Liquid concentrate or ready–to–feed formula,,- ,,,,,,,,,- ,,,,,2-2 Days,2,2,Days,,,,,- ,,,,
370,23,Shelf Stable Foods,,Applesauce,Commercial,12-18 Months,12,18,Months,,- Not Recommended,,,Not Recommended,- ,,,,,7-10 Days,7,10,Days,,,,,- ,,,,
371,23,Shelf Stable Foods,,Bacon bits,Imitation,1-1 Years,1,1,Years,,1-1 Years,1,1,Years,- ,,,,,- ,,,,,,,,- ,,,,
372,23,Shelf Stable Foods,,Canned goods,"Low acid (such as meat, poultry, fish, gravy, stew, soups, beans, carrots, corn, pasta, peas, potatoes, spinach)",2-5 Years,2,5,Years,"Canned items will be safe to eat well past the ‘best by’ or ‘best by’ date as long as the can shows no dents, rust, or swelling.",- Not Recommended,,,Not Recommended,- ,,,,,3-4 Days,3,4,Days,,,,,- ,,,,
373,23,Shelf Stable Foods,,Canned goods,"High acid (such as juices, fruit, pickles, sauerkraut, tomato soup, and foods in vinegar–based sauce)",12-18 Months,12,18,Months,"Canned items will be safe to eat well past the ‘best by’ or ‘best by’ date as long as the can shows no dents, rust, or swelling.",- Not Recommended,,,Not Recommended,- ,,,,,5-7 Days,5,7,Days,,,,,- ,,,,
374,23,Shelf Stable Foods,,Cereal,Ready–to–eat,6-12 Months,6,12,Months,,2-3 Months,2,3,Months,- ,,,,,- ,,,,,,,,- ,,,,
375,23,Shelf Stable Foods,,Cereal,"Cook before eating (oatmeal, etc.)",12-12 Months,12,12,Months,,6-12 Months,6,12,Months,- ,,,,,- ,,,,,,,,- ,,,,
376,23,Shelf Stable Foods,,Chocolate syrup,,2-2 Years,2,2,Years,,- Not Recommended,,,Not Recommended,- ,,,,,6-6 Months,6,6,Months,,,,,- ,,,,
377,23,Shelf Stable Foods,,Crackers,,8-8 Months,8,8,Months,,1-1 Months,1,1,Months,- ,,,,,3-4 Months,3,4,Months,,,,,3-4 Months,3,4,Months,
378,23,Shelf Stable Foods,,Graham cracker/animal cracker,,6-9 Months,6,9,Months,,,,,,- ,,,,,- ,,,,,,,,- ,,,,
379,23,Shelf Stable Foods,,"Fruits, dried",,6-6 Months,6,6,Months,,1-1 Months,1,1,Months,,,,,,6-6 Months,6,6,Months,,,,,- ,,,,
380,23,Shelf Stable Foods,,Gummy (fruit) snacks,,6-9 Months,6,9,Months,,,,,,- ,,,,,- ,,,,,,,,- ,,,,
381,23,Shelf Stable Foods,,Marshmallows,,1-1 Years,1,1,Years,,1-1 Months,1,1,Months,- ,,,,,- ,,,,,,,,- ,,,,
382,23,Shelf Stable Foods,,Marshmallow crème,,2-5 Months,2,5,Months,,1-1 Months,1,1,Months,- ,,,,,- ,,,,,,,,- ,,,,
383,23,Shelf Stable Foods,,Milk,Canned evaporated or condensed,12-12 Months,12,12,Months,,,,,,- ,,,,,4-5 Days,4,5,Days,,,,,- ,,,,
384,23,Shelf Stable Foods,,Molasses,,1-2 Years,1,2,Years,,6-6 Months,6,6,Months,- ,,,,,- ,,,,,,,,- ,,,,
385,23,Shelf Stable Foods,,Mushrooms,Dried,1-2 Years,1,2,Years,,3-3 Months,3,3,Months,- ,,,,,- ,,,,,,,,- ,,,,
386,23,Shelf Stable Foods,,Nuts,Jars or cans,12-12 Months,12,12,Months,,2-9 Months,2,9,Months,,,,,,4-6 Months,4,6,Months,,,,,6-12 Months,6,12,Months,
387,23,Shelf Stable Foods,,Peanut butter,Commercial,6-24 Months,6,24,Months,,2-3 Months,2,3,Months,- ,,,,,- ,,,,,,,,- ,,,,
388,23,Shelf Stable Foods,,Pectin,,,,,,,1-1 Months,1,1,Months,- ,,,,,- ,,,,,,,,- ,,,,
389,23,Shelf Stable Foods,,Popcorn,Dry kernels in jar,2-2 Years,2,2,Years,,1-1 Years,1,1,Years,- ,,,,,- ,,,,,,,,- ,,,,
390,23,Shelf Stable Foods,,Popcorn,Commercially popped in bags,2-3 Months,2,3,Months,,1-2 Weeks,1,2,Weeks,- ,,,,,- ,,,,,,,,- ,,,,
391,23,Shelf Stable Foods,,Popcorn,Microwave packets,6-12 Months,6,12,Months,After opening time applies to prepared product.,1-2 Days,1,2,Days,- ,,,,,- ,,,,,,,,- ,,,,
392,23,Shelf Stable Foods,,Potato chips,,2-2 Months,2,2,Months,,1-2 Weeks,1,2,Weeks,- ,,,,,- ,,,,,,,,- ,,,,
393,23,Shelf Stable Foods,,Potatoes,Instant,10-15 Months,10,15,Months,,6-12 Months,6,12,Months,- ,,,,,- ,,,,,,,,- ,,,,
394,23,Shelf Stable Foods,,Pretzels,,4-9 Months,4,9,Months,,3-3 Weeks,3,3,Weeks,- ,,,,,- ,,,,,,,,- ,,,,
395,23,Shelf Stable Foods,,Pudding mixes,,12-12 Months,12,12,Months,,3-4 Months,3,4,Months,- ,,,,,- ,,,,,,,,- ,,,,
396,23,Shelf Stable Foods,,Soup mixes,Dry bouillon,12-12 Months,12,12,Months,,12-12 Months,12,12,Months,- ,,,,,- ,,,,,,,,- ,,,,
397,23,Shelf Stable Foods,,Sun dried tomatoes,,1-1 Years,1,1,Years,,3-6 Months,3,6,Months,- ,,,,,3-6 Months,3,6,Months,,,,,- ,,,,
398,23,Shelf Stable Foods,,Syrup,,2-2 Years,2,2,Years,,12-12 Months,12,12,Months,- ,,,,,12-12 Months,12,12,Months,,,,,- ,,,,
399,23,Shelf Stable Foods,,Toaster pastries,,6-12 Months,6,12,Months,,1-2 Weeks,1,2,Weeks,- ,,,,,- ,,,,,,,,- ,,,,
400,5,Beverages,,Coffee,Whole beans,3-5 Months,3,5,Months,,3-5 Months,3,5,Months,- ,,,,,3-4 Months,3,4,Months,,,,,- ,,,,
401,5,Beverages,,Coffee,"Ground, non–vacuum",3-5 Months,3,5,Months,,3-5 Weeks,3,5,Weeks,- ,,,,,- ,,,,,,,,1-2 Years,1,2,Years,
402,5,Beverages,,Coffee,Instant,12-12 Months,12,12,Months,,2-3 Months,2,3,Months,- ,,,,,- ,,,,,,,,- ,,,,
403,5,Beverages,,Diet powder mixes and drink mixes,,18-24 Months,18,24,Months,,1-3 Months,1,3,Months,- ,,,,,- ,,,,,,,,- ,,,,
404,5,Beverages,,"Fruit Juice in cartons, fruit drinks, punch",,3-3 Weeks,3,3,Weeks,,7-12 Months,7,12,Months,- ,,,,,8-12 Days,8,12,Days,,,,,- ,,,,
405,5,Beverages,,"Juice, boxes",,4-6 Months,4,6,Months,,,,,,- ,,,,,8-12 Days,8,12,Days,,,,,- ,,,,
406,5,Beverages,,Nectar,"Papaya, mango, guava, or guavabana",12-18 Months,12,18,Months,,,,,,- ,,,,,- ,,,,,,,,- ,,,,
407,5,Beverages,,Soda,"Carbonated cola drinks, mixers, diet sodas, bottles or cans",,,,,,,,,,- ,,,,,2-3 Days,2,3,Days,,,,,- ,,,,
408,5,Beverages,,Soy or rice beverage,,,,,,,,,,,- ,,,,,7-10 Days,7,10,Days,,,,,- ,,,,
410,5,Beverages,,Tea,Bags,18-36 Months,18,36,Months,,6-12 Months,6,12,Months,- ,,,,,- ,,,,,,,,- ,,,,
411,5,Beverages,,Tea,Instant,2-3 Years,2,3,Years,,6-12 Months,6,12,Months,- ,,,,,- ,,,,,,,,- ,,,,
412,5,Beverages,,Tea,Loose,2-2 Years,2,2,Years,,6-12 Months,6,12,Months,- ,,,,,- ,,,,,,,,- ,,,,Matcha tea is the only tea that can be frozen after opening
413,5,Beverages,,Water,Commercially bottled,1-2 Years,1,2,Years,"Water will store indefinitely, though the taste may be impacted by items stored around it and the containers being used to store it .",3-3 Months,3,3,Months,- ,,,,,3-3 Months,3,3,Months,,,,,- ,,,,
414,18,Produce,Fresh Fruits,Kumquats,,- Ripe,,,Ripe,"Ripe is when this item is tender, fully developed and ready to eat.",,,,,3-3 Weeks,3,3,Weeks,,,,,,,,,,- Not Recommended,,,Not Recommended,
415,19,Produce,Fresh Vegetables,Bagged Greens,"Leaf, spinach, lettuce, etc.",,,,,,,,,,3-5 Days,3,5,Days,Refrigerator timeline applies to after printed date.,2-2 Days,2,2,Days,,,,,- Not Recommended,,,Not Recommended,
416,6,Condiments & Sauces,,Tahini,,1-1 Years,1,1,Years,,,,,,,,,,,3-3 Weeks,3,3,Weeks,,,,,,,,,
,,,,,,,,,,,,,,,,,,,,,,,,,,,,- ,,,,
,,,,,,,,,,,,,,,,,,,,,,,,,,,,- ,,,,
,,,,,,,,,,,,,,,,,,,,,,,,,,,,- ,,,,
,,,,,,,,,,,,,,,,,,,,,,,,,,,,- ,,,,
,,,,,,,,,,,,,,,,,,,,,,,,,,,,- ,,,,
,,,,,,,,,,,,,,,,,,,,,,,,,,,,- ,,,,
,,,,,,,,,,,,,,,,,,,,,,,,,,,,- ,,,,
,,,,,,,,,,,,,,,,,,,,,,,,,,,,- ,,,,
,,,,,,,,,,,,,,,,,,,,,,,,,,,,- ,,,,
,,,,,,,,,,,,,,,,,,,,,,,,,,,,- ,,,,
,,,,,,,,,,,,,,,,,,,,,,,,,,,,- ,,,,
,,,,,,,,,,,,,,,,,,,,,,,,,,,,- ,,,,
,,,,,,,,,,,,,,,,,,,,,,,,,,,,- ,,,,
,,,,,,,,,,,,,,,,,,,,,,,,,,,,- ,,,,
,,,,,,,,,,,,,,,,,,,,,,,,,,,,- ,,,,
,,,,,,,,,,,,,,,,,,,,,,,,,,,,- ,,,,
,,,,,,,,,,,,,,,,,,,,,,,,,,,,- ,,,,
,,,,,,,,,,,,,,,,,,,,,,,,,,,,- ,,,,
,,,,,,,,,,,,,,,,,,,,,,,,,,,,- ,,,,
,,,,,,,,,,,,,,,,,,,,,,,,,,,,- ,,,,
,,,,,,,,,,,,,,,,,,,,,,,,,,,,- ,,,,
,,,,,,,,,,,,,,,,,,,,,,,,,,,,- ,,,,
,,,,,,,,,,,,,,,,,,,,,,,,,,,,- ,,,,
,,,,,,,,,,,,,,,,,,,,,,,,,,,,- ,,,,
,,,,,,,,,,,,,,,,,,,,,,,,,,,,- ,,,,
,,,,,,,,,,,,,,,,,,,,,,,,,,,,- ,,,,
,,,,,,,,,,,,,,,,,,,,,,,,,,,,- ,,,,
,,,,,,,,,,,,,,,,,,,,,,,,,,,,- ,,,,
,,,,,,,,,,,,,,,,,,,,,,,,,,,,- ,,,,
,,,,,,,,,,,,,,,,,,,,,,,,,,,,- ,,,,
,,,,,,,,,,,,,,,,,,,,,,,,,,,,- ,,,,
,,,,,,,,,,,,,,,,,,,,,,,,,,,,- ,,,,
,,,,,,,,,,,,,,,,,,,,,,,,,,,,- ,,,,
,,,,,,,,,,,,,,,,,,,,,,,,,,,,- ,,,,
,,,,,,,,,,,,,,,,,,,,,,,,,,,,- ,,,,
,,,,,,,,,,,,,,,,,,,,,,,,,,,,- ,,,,
,,,,,,,,,,,,,,,,,,,,,,,,,,,,- ,,,,
,,,,,,,,,,,,,,,,,,,,,,,,,,,,- ,,,,
,,,,,,,,,,,,,,,,,,,,,,,,,,,,- ,,,,
,,,,,,,,,,,,,,,,,,,,,,,,,,,,- ,,,,
,,,,,,,,,,,,,,,,,,,,,,,,,,,,- ,,,,
,,,,,,,,,,,,,,,,,,,,,,,,,,,,- ,,,,
,,,,,,,,,,,,,,,,,,,,,,,,,,,,- ,,,,
,,,,,,,,,,,,,,,,,,,,,,,,,,,,- ,,,,
,,,,,,,,,,,,,,,,,,,,,,,,,,,,- ,,,,
,,,,,,,,,,,,,,,,,,,,,,,,,,,,- ,,,,
,,,,,,,,,,,,,,,,,,,,,,,,,,,,- ,,,,
,,,,,,,,,,,,,,,,,,,,,,,,,,,,- ,,,,
,,,,,,,,,,,,,,,,,,,,,,,,,,,,- ,,,,
,,,,,,,,,,,,,,,,,,,,,,,,,,,,- ,,,,
,,,,,,,,,,,,,,,,,,,,,,,,,,,,- ,,,,
,,,,,,,,,,,,,,,,,,,,,,,,,,,,- ,,,,
,,,,,,,,,,,,,,,,,,,,,,,,,,,,- ,,,,
,,,,,,,,,,,,,,,,,,,,,,,,,,,,- ,,,,
,,,,,,,,,,,,,,,,,,,,,,,,,,,,- ,,,,
,,,,,,,,,,,,,,,,,,,,,,,,,,,,- ,,,,
,,,,,,,,,,,,,,,,,,,,,,,,,,,,- ,,,,
,,,,,,,,,,,,,,,,,,,,,,,,,,,,- ,,,,
,,,,,,,,,,,,,,,,,,,,,,,,,,,,- ,,,,
,,,,,,,,,,,,,,,,,,,,,,,,,,,,- ,,,,
,,,,,,,,,,,,,,,,,,,,,,,,,,,,- ,,,,
,,,,,,,,,,,,,,,,,,,,,,,,,,,,- ,,,,
,,,,,,,,,,,,,,,,,,,,,,,,,,,,- ,,,,
,,,,,,,,,,,,,,,,,,,,,,,,,,,,- ,,,,
,,,,,,,,,,,,,,,,,,,,,,,,,,,,- ,,,,
,,,,,,,,,,,,,,,,,,,,,,,,,,,,- ,,,,
,,,,,,,,,,,,,,,,,,,,,,,,,,,,- ,,,,
,,,,,,,,,,,,,,,,,,,,,,,,,,,,- ,,,,
,,,,,,,,,,,,,,,,,,,,,,,,,,,,- ,,,,
,,,,,,,,,,,,,,,,,,,,,,,,,,,,- ,,,,
,,,,,,,,,,,,,,,,,,,,,,,,,,,,- ,,,,
,,,,,,,,,,,,,,,,,,,,,,,,,,,,- ,,,,
,,,,,,,,,,,,,,,,,,,,,,,,,,,,- ,,,,
,,,,,,,,,,,,,,,,,,,,,,,,,,,,- ,,,,
,,,,,,,,,,,,,,,,,,,,,,,,,,,,- ,,,,
,,,,,,,,,,,,,,,,,,,,,,,,,,,,- ,,,,
,,,,,,,,,,,,,,,,,,,,,,,,,,,,- ,,,,
,,,,,,,,,,,,,,,,,,,,,,,,,,,,- ,,,,
,,,,,,,,,,,,,,,,,,,,,,,,,,,,- ,,,,
,,,,,,,,,,,,,,,,,,,,,,,,,,,,- ,,,,
,,,,,,,,,,,,,,,,,,,,,,,,,,,,- ,,,,
,,,,,,,,,,,,,,,,,,,,,,,,,,,,- ,,,,
,,,,,,,,,,,,,,,,,,,,,,,,,,,,- ,,,,
,,,,,,,,,,,,,,,,,,,,,,,,,,,,- ,,,,
,,,,,,,,,,,,,,,,,,,,,,,,,,,,- ,,,,
,,,,,,,,,,,,,,,,,,,,,,,,,,,,- ,,,,
,,,,,,,,,,,,,,,,,,,,,,,,,,,,- ,,,,
,,,,,,,,,,,,,,,,,,,,,,,,,,,,- ,,,,
,,,,,,,,,,,,,,,,,,,,,,,,,,,,- ,,,,
,,,,,,,,,,,,,,,,,,,,,,,,,,,,- ,,,,
,,,,,,,,,,,,,,,,,,,,,,,,,,,,- ,,,,
,,,,,,,,,,,,,,,,,,,,,,,,,,,,- ,,,,
,,,,,,,,,,,,,,,,,,,,,,,,,,,,- ,,,,
,,,,,,,,,,,,,,,,,,,,,,,,,,,,- ,,,,
,,,,,,,,,,,,,,,,,,,,,,,,,,,,- ,,,,
,,,,,,,,,,,,,,,,,,,,,,,,,,,,- ,,,,
,,,,,,,,,,,,,,,,,,,,,,,,,,,,- ,,,,
,,,,,,,,,,,,,,,,,,,,,,,,,,,,- ,,,,
,,,,,,,,,,,,,,,,,,,,,,,,,,,,- ,,,,
,,,,,,,,,,,,,,,,,,,,,,,,,,,,- ,,,,
,,,,,,,,,,,,,,,,,,,,,,,,,,,,- ,,,,
,,,,,,,,,,,,,,,,,,,,,,,,,,,,- ,,,,
